mean_fit_time,std_fit_time,mean_score_time,std_score_time,param_clf__alpha,param_tfidf__max_df,param_tfidf__min_df,param_tfidf__ngram_range,params,split0_test_score,split1_test_score,split2_test_score,split3_test_score,split4_test_score,mean_test_score,std_test_score,rank_test_score
0.6746680259704589,0.021454937404253648,0.1798556327819824,0.03584962220736444,0.02,0.95,5,"(1, 1)","{'clf__alpha': 0.02, 'tfidf__max_df': 0.95, 'tfidf__min_df': 5, 'tfidf__ngram_range': (1, 1)}",0.6012215404025811,0.559893438377045,0.5610844108377003,0.5282788337100528,0.5736843072790622,0.5648325061212883,0.02356747663559623,1
0.6412634372711181,0.01895539769836395,0.15283470153808593,0.011254970300925855,0.02,0.9,5,"(1, 1)","{'clf__alpha': 0.02, 'tfidf__max_df': 0.9, 'tfidf__min_df': 5, 'tfidf__ngram_range': (1, 1)}",0.5951508080160592,0.5532121609808042,0.5610844108377003,0.5243662672974864,0.5736843072790622,0.5614995908822225,0.023360690561492627,2
2.95359411239624,0.25957731347658075,0.3578749656677246,0.025952402919488717,0.02,0.95,5,"(1, 2)","{'clf__alpha': 0.02, 'tfidf__max_df': 0.95, 'tfidf__min_df': 5, 'tfidf__ngram_range': (1, 2)}",0.5857953765320981,0.5560227326255395,0.5658511653183204,0.5451046793539035,0.5454207385005962,0.5596389384660916,0.0151606718693115,3
1.7004528999328614,0.028222166227956383,0.33110918998718264,0.012652434683764431,0.02,0.9,5,"(1, 2)","{'clf__alpha': 0.02, 'tfidf__max_df': 0.9, 'tfidf__min_df': 5, 'tfidf__ngram_range': (1, 2)}",0.5857953765320981,0.5560227326255395,0.5658511653183204,0.5450230959894274,0.5454207385005962,0.5596226217931963,0.01517634138939969,4
0.6580106258392334,0.024366836120191717,0.15060291290283204,0.006957691741562064,0.02,0.95,3,"(1, 1)","{'clf__alpha': 0.02, 'tfidf__max_df': 0.95, 'tfidf__min_df': 3, 'tfidf__ngram_range': (1, 1)}",0.5968407442495979,0.5430686283268779,0.5725708295806701,0.5461267475002123,0.5390706699721283,0.5595355239258973,0.022051588787047986,5
0.6603562355041503,0.01873057597943569,0.1601553440093994,0.012352383929728764,0.02,0.95,2,"(1, 1)","{'clf__alpha': 0.02, 'tfidf__max_df': 0.95, 'tfidf__min_df': 2, 'tfidf__ngram_range': (1, 1)}",0.6026538408611503,0.5543544873344107,0.5907476294840425,0.5318666860981344,0.5172160349275099,0.5593677357410496,0.032913799234706546,6
0.7531625270843506,0.042729051250925534,0.18788132667541504,0.025589425205740767,0.02,0.9,2,"(1, 1)","{'clf__alpha': 0.02, 'tfidf__max_df': 0.9, 'tfidf__min_df': 2, 'tfidf__ngram_range': (1, 1)}",0.6026538408611503,0.5512515960736247,0.5878593526571467,0.5318666860981344,0.5172160349275099,0.5581695021235132,0.03248761501861429,7
0.7177700996398926,0.07435685073338208,0.16170134544372558,0.020481348074410183,0.02,0.9,3,"(1, 1)","{'clf__alpha': 0.02, 'tfidf__max_df': 0.9, 'tfidf__min_df': 3, 'tfidf__ngram_range': (1, 1)}",0.587606557383832,0.5407594791427288,0.5718490397963804,0.5461267475002123,0.5390706699721283,0.5570824987590564,0.01929074555545226,8
0.6894618988037109,0.025599804290571015,0.16753792762756348,0.005800569763907489,0.05,0.9,5,"(1, 1)","{'clf__alpha': 0.05, 'tfidf__max_df': 0.9, 'tfidf__min_df': 5, 'tfidf__ngram_range': (1, 1)}",0.5973256920238345,0.5232790705831314,0.5489543739973146,0.5239626824957644,0.5364888658869487,0.5460021369973986,0.027332766537886306,9
0.7195852279663086,0.023317810367000383,0.1705395221710205,0.005773499840419248,0.05,0.95,5,"(1, 1)","{'clf__alpha': 0.05, 'tfidf__max_df': 0.95, 'tfidf__min_df': 5, 'tfidf__ngram_range': (1, 1)}",0.5973256920238345,0.520993315726174,0.5304756305185712,0.5239626824957644,0.5364888658869487,0.5418492373302585,0.02825111625790592,10
0.6999319076538086,0.018308249917103836,0.16542525291442872,0.007129848561459392,0.05,0.9,3,"(1, 1)","{'clf__alpha': 0.05, 'tfidf__max_df': 0.9, 'tfidf__min_df': 3, 'tfidf__ngram_range': (1, 1)}",0.5636417865932327,0.5199488386301723,0.5061604762910156,0.5236238898122313,0.5331493268024949,0.5293048636258293,0.01923161723974438,11
1.8328540325164795,0.0413415322584994,0.949777364730835,0.5007948209888624,0.02,0.95,3,"(1, 2)","{'clf__alpha': 0.02, 'tfidf__max_df': 0.95, 'tfidf__min_df': 3, 'tfidf__ngram_range': (1, 2)}",0.5867143213642644,0.5324209171984476,0.5409981555975539,0.4991529182012,0.47508115073969887,0.526873492620233,0.03811058050473031,12
1.7766107082366944,0.03952099225674518,0.33251566886901857,0.012592910282839967,0.02,0.9,3,"(1, 2)","{'clf__alpha': 0.02, 'tfidf__max_df': 0.9, 'tfidf__min_df': 3, 'tfidf__ngram_range': (1, 2)}",0.5867143213642644,0.5324209171984476,0.5400296778282975,0.4991529182012,0.47508115073969887,0.5266797970663817,0.038040697278587665,13
0.7289534568786621,0.014167112057997672,0.1715083122253418,0.012355784814663836,0.05,0.95,3,"(1, 1)","{'clf__alpha': 0.05, 'tfidf__max_df': 0.95, 'tfidf__min_df': 3, 'tfidf__ngram_range': (1, 1)}",0.5600954742774568,0.4958111548914195,0.5061604762910156,0.5236238898122313,0.48851619843480515,0.5148414387413857,0.025517007147336117,14
1.9385081768035888,0.050085750322672866,0.3562039375305176,0.009944718180924246,0.02,0.95,2,"(1, 2)","{'clf__alpha': 0.02, 'tfidf__max_df': 0.95, 'tfidf__min_df': 2, 'tfidf__ngram_range': (1, 2)}",0.5476158770858063,0.5015708118948506,0.49257290903715956,0.49170824620040815,0.4238356685130879,0.4914607025462625,0.03957287315253761,15
2.1233770847320557,0.04118272292265689,0.3795947551727295,0.05808292949942782,0.02,0.9,2,"(1, 2)","{'clf__alpha': 0.02, 'tfidf__max_df': 0.9, 'tfidf__min_df': 2, 'tfidf__ngram_range': (1, 2)}",0.5476158770858063,0.5009248698673276,0.49260946470751804,0.49170824620040815,0.4238356685130879,0.49133882527482964,0.03954093064320349,16
0.868129301071167,0.12039371198387576,0.17569689750671386,0.008478917778484576,0.05,0.9,2,"(1, 1)","{'clf__alpha': 0.05, 'tfidf__max_df': 0.9, 'tfidf__min_df': 2, 'tfidf__ngram_range': (1, 1)}",0.5435415425923268,0.464791452740455,0.4603142595937539,0.4571872628358166,0.44805430054096673,0.4747777636606639,0.0348165071454044,17
0.724265193939209,0.02152580649608006,0.16890420913696289,0.010942704114012868,0.05,0.95,2,"(1, 1)","{'clf__alpha': 0.05, 'tfidf__max_df': 0.95, 'tfidf__min_df': 2, 'tfidf__ngram_range': (1, 1)}",0.5435415425923268,0.456776370350464,0.4291160679823261,0.4571872628358166,0.4421448221250945,0.46575321317720564,0.04026070029615147,18
1.9094174385070801,0.043325851029819486,0.37370786666870115,0.018151341462977748,0.05,0.95,5,"(1, 2)","{'clf__alpha': 0.05, 'tfidf__max_df': 0.95, 'tfidf__min_df': 5, 'tfidf__ngram_range': (1, 2)}",0.4822455035403237,0.46521388846841866,0.46916990624084437,0.4371080467822734,0.42909531520457245,0.45656653204728653,0.020131228450868576,19
1.857482099533081,0.0444471798224727,0.35997905731201174,0.006351048281856958,0.05,0.9,5,"(1, 2)","{'clf__alpha': 0.05, 'tfidf__max_df': 0.9, 'tfidf__min_df': 5, 'tfidf__ngram_range': (1, 2)}",0.46588844287946557,0.46521388846841866,0.46916990624084437,0.4371080467822734,0.4343164454257027,0.45433934595934095,0.01529324720146155,20
0.7368817329406738,0.022499877470789874,0.17889690399169922,0.00914611942770276,0.1,0.9,5,"(1, 1)","{'clf__alpha': 0.1, 'tfidf__max_df': 0.9, 'tfidf__min_df': 5, 'tfidf__ngram_range': (1, 1)}",0.4448362984737915,0.42335583172107866,0.37121681652398375,0.4363758641902658,0.4228366342373689,0.4197242890292977,0.02562708589579368,21
1.3469999313354493,0.37760980998568927,0.4377188205718994,0.046231335670487976,0.1,0.95,5,"(1, 1)","{'clf__alpha': 0.1, 'tfidf__max_df': 0.95, 'tfidf__min_df': 5, 'tfidf__ngram_range': (1, 1)}",0.4448362984737915,0.426432180139586,0.3703378741108019,0.4271450088387208,0.4228366342373689,0.4183175991600538,0.025177317939894472,22
1.9046964168548584,0.01577089158280752,0.3741123676300049,0.032736206519906004,0.05,0.9,3,"(1, 2)","{'clf__alpha': 0.05, 'tfidf__max_df': 0.9, 'tfidf__min_df': 3, 'tfidf__ngram_range': (1, 2)}",0.4051160776179262,0.43349646322797913,0.4181264481000191,0.41912553952995135,0.39791627239939004,0.4147561601750532,0.012313913164910987,23
1.9544845581054688,0.04268098453490962,0.3723210334777832,0.01484199089701605,0.05,0.95,3,"(1, 2)","{'clf__alpha': 0.05, 'tfidf__max_df': 0.95, 'tfidf__min_df': 3, 'tfidf__ngram_range': (1, 2)}",0.4077339006225596,0.43349646322797913,0.4181264481000191,0.40212761907808353,0.39859198127943324,0.41201528246161495,0.012610064272973457,24
0.7406195163726806,0.01851993049250943,0.17384672164916992,0.013182284635239086,0.1,0.9,3,"(1, 1)","{'clf__alpha': 0.1, 'tfidf__max_df': 0.9, 'tfidf__min_df': 3, 'tfidf__ngram_range': (1, 1)}",0.4205950636959765,0.4073922353854585,0.377968576308456,0.3891551444681989,0.3596999934613853,0.39096220266389503,0.02143584818749738,25
0.8058637142181396,0.03207864353019524,0.19471478462219238,0.014050182860583174,0.1,0.95,3,"(1, 1)","{'clf__alpha': 0.1, 'tfidf__max_df': 0.95, 'tfidf__min_df': 3, 'tfidf__ngram_range': (1, 1)}",0.403426447711571,0.41056370160040295,0.377968576308456,0.3812041773067054,0.36191241327943896,0.38701506324131485,0.01771790204893105,26
2.0748878002166746,0.03074421092310972,0.38404364585876466,0.01874396046318503,0.05,0.95,2,"(1, 2)","{'clf__alpha': 0.05, 'tfidf__max_df': 0.95, 'tfidf__min_df': 2, 'tfidf__ngram_range': (1, 2)}",0.3947542928090105,0.4026015655186535,0.3183274024839793,0.36876567856491893,0.3563852375312189,0.3681668353815562,0.030052544866246568,27
2.00950083732605,0.04343525316820822,0.38062033653259275,0.01355383672910379,0.05,0.9,2,"(1, 2)","{'clf__alpha': 0.05, 'tfidf__max_df': 0.9, 'tfidf__min_df': 2, 'tfidf__ngram_range': (1, 2)}",0.3947542928090105,0.4026015655186535,0.3172304245673811,0.36876567856491893,0.3563852375312189,0.3679474397982366,0.030417381437780788,28
1.9089704513549806,0.039508793583708346,0.37585787773132323,0.017811230344629416,0.1,0.9,5,"(1, 2)","{'clf__alpha': 0.1, 'tfidf__max_df': 0.9, 'tfidf__min_df': 5, 'tfidf__ngram_range': (1, 2)}",0.3776839682401119,0.37606850821136534,0.3454442834576689,0.3294411277837698,0.37089817258552255,0.3599072120556877,0.0191591250412714,29
0.774504280090332,0.009970244615433086,0.19127063751220702,0.014346186025106272,0.1,0.95,2,"(1, 1)","{'clf__alpha': 0.1, 'tfidf__max_df': 0.95, 'tfidf__min_df': 2, 'tfidf__ngram_range': (1, 1)}",0.4179975677680315,0.4050380810674928,0.33307766109658227,0.317347571223901,0.32547989125732174,0.3597881544826659,0.042726109443220764,30
0.728949785232544,0.005115865593007543,0.17224602699279784,0.00543194787798367,0.1,0.9,2,"(1, 1)","{'clf__alpha': 0.1, 'tfidf__max_df': 0.9, 'tfidf__min_df': 2, 'tfidf__ngram_range': (1, 1)}",0.41611743708137744,0.40481689694800355,0.33307766109658227,0.317347571223901,0.32547989125732174,0.3593678915214372,0.04216966471558431,31
4.757121562957764,0.07093554105701372,0.8364551544189454,0.03845296994552923,0.1,0.95,5,"(1, 2)","{'clf__alpha': 0.1, 'tfidf__max_df': 0.95, 'tfidf__min_df': 5, 'tfidf__ngram_range': (1, 2)}",0.3787597856935853,0.37606850821136534,0.3293668423802278,0.33176627299544775,0.3688378421544056,0.3569598502870064,0.021806215188759682,32
1.9881699085235596,0.038286685949839167,0.3877326488494873,0.01951337357279269,0.1,0.9,3,"(1, 2)","{'clf__alpha': 0.1, 'tfidf__max_df': 0.9, 'tfidf__min_df': 3, 'tfidf__ngram_range': (1, 2)}",0.3272677734139292,0.34544085294326377,0.30231066331964557,0.30703665382236817,0.32928170655037814,0.322267530009917,0.01575728479114981,33
3.2001631259918213,0.398441078790938,0.8546802997589111,0.048386932306880404,0.1,0.95,3,"(1, 2)","{'clf__alpha': 0.1, 'tfidf__max_df': 0.95, 'tfidf__min_df': 3, 'tfidf__ngram_range': (1, 2)}",0.3228791302972677,0.34544085294326377,0.30119137706857,0.30703665382236817,0.32928170655037814,0.32116594413636956,0.015853655592884014,34
0.788152027130127,0.07432493324753703,0.20376505851745605,0.04358171902014838,0.3,0.9,5,"(1, 1)","{'clf__alpha': 0.3, 'tfidf__max_df': 0.9, 'tfidf__min_df': 5, 'tfidf__ngram_range': (1, 1)}",0.3150356136896308,0.31226247761335485,0.2959269135249062,0.23272886458696485,0.3195704553414838,0.2951048649512681,0.032192001230059435,35
2.0897025585174562,0.057054848012416726,0.3957396984100342,0.01317741105765571,0.1,0.9,2,"(1, 2)","{'clf__alpha': 0.1, 'tfidf__max_df': 0.9, 'tfidf__min_df': 2, 'tfidf__ngram_range': (1, 2)}",0.2983938754948527,0.32385106861781526,0.2724935890437037,0.2595253146613538,0.3015914189170003,0.29117105334694515,0.02271139373201825,36
0.7222329616546631,0.01591910805741206,0.1742330551147461,0.005672769396290969,0.3,0.95,5,"(1, 1)","{'clf__alpha': 0.3, 'tfidf__max_df': 0.95, 'tfidf__min_df': 5, 'tfidf__ngram_range': (1, 1)}",0.30208723713233065,0.313042948490913,0.296555432934909,0.22602462282817984,0.3025372550984308,0.28804949929695267,0.031467640084153085,37
2.218609666824341,0.033989333980748486,0.43999295234680175,0.03922214353332734,0.1,0.95,2,"(1, 2)","{'clf__alpha': 0.1, 'tfidf__max_df': 0.95, 'tfidf__min_df': 2, 'tfidf__ngram_range': (1, 2)}",0.29643539643539646,0.30170246772050796,0.26688422268166845,0.2598652655137645,0.3015914189170003,0.28529575425366754,0.018135682032483943,38
1.6981650352478028,0.07666335300037518,0.3136754989624023,0.13174317774305044,0.3,0.9,3,"(1, 1)","{'clf__alpha': 0.3, 'tfidf__max_df': 0.9, 'tfidf__min_df': 3, 'tfidf__ngram_range': (1, 1)}",0.29123675752979783,0.30199659149195557,0.26435625866274975,0.20859212339670627,0.27265101885132764,0.2677665499865074,0.032433461945422626,39
0.8080893516540527,0.090748277130408,0.17158327102661133,0.00396154075668137,0.3,0.95,3,"(1, 1)","{'clf__alpha': 0.3, 'tfidf__max_df': 0.95, 'tfidf__min_df': 3, 'tfidf__ngram_range': (1, 1)}",0.28974315420001245,0.2924662019221998,0.2581824204819931,0.20575541618978802,0.2733090503551454,0.26389124862982777,0.03157818772167356,40
2.2470436096191406,0.10090468224386598,0.45986042022705076,0.061203289637722376,0.3,0.9,5,"(1, 2)","{'clf__alpha': 0.3, 'tfidf__max_df': 0.9, 'tfidf__min_df': 5, 'tfidf__ngram_range': (1, 2)}",0.2711818211064947,0.2731646256974872,0.25953090063260575,0.22246561703083442,0.26413340021877685,0.2580952729372398,0.018473416162451357,41
1.9038979053497314,0.03501487671883615,0.36759181022644044,0.016612398354884907,0.3,0.95,5,"(1, 2)","{'clf__alpha': 0.3, 'tfidf__max_df': 0.95, 'tfidf__min_df': 5, 'tfidf__ngram_range': (1, 2)}",0.264170381105865,0.26587278506210704,0.25976027167519705,0.2210913368101458,0.2650095801096945,0.2551808709526019,0.017174394270792526,42
2.009423351287842,0.26444814391083354,0.5600977897644043,0.21384872927567464,0.3,0.9,2,"(1, 1)","{'clf__alpha': 0.3, 'tfidf__max_df': 0.9, 'tfidf__min_df': 2, 'tfidf__ngram_range': (1, 1)}",0.26151144165659185,0.278606859546275,0.2469691791923345,0.20599446310685032,0.2588619149301729,0.2503887716864449,0.024389820307844312,43
0.7288304805755615,0.02803135180154537,0.18172211647033693,0.016784027678972812,0.5,0.9,5,"(1, 1)","{'clf__alpha': 0.5, 'tfidf__max_df': 0.9, 'tfidf__min_df': 5, 'tfidf__ngram_range': (1, 1)}",0.2532907059127137,0.26187753352185367,0.24840093856888898,0.20167403159954156,0.2678251272839845,0.24661366737739648,0.023453186081234277,44
0.8042360305786133,0.07113417418585859,0.2223757266998291,0.06628602677554028,0.3,0.95,2,"(1, 1)","{'clf__alpha': 0.3, 'tfidf__max_df': 0.95, 'tfidf__min_df': 2, 'tfidf__ngram_range': (1, 1)}",0.26409673666748745,0.25953915968034497,0.2375141766446114,0.20272438349222524,0.2591622270688816,0.24460733671071014,0.02288726969839448,45
0.7604997634887696,0.0320196748746456,0.18116288185119628,0.009430728057663498,0.5,0.95,5,"(1, 1)","{'clf__alpha': 0.5, 'tfidf__max_df': 0.95, 'tfidf__min_df': 5, 'tfidf__ngram_range': (1, 1)}",0.25173791688775043,0.25008517073734465,0.24467743903918796,0.20125632065551483,0.2667700739816255,0.24290538426028468,0.0220765534414269,46
2.2927254676818847,0.260426733753722,0.3906533718109131,0.037251620898653366,0.3,0.9,3,"(1, 2)","{'clf__alpha': 0.3, 'tfidf__max_df': 0.9, 'tfidf__min_df': 3, 'tfidf__ngram_range': (1, 2)}",0.25248405460485907,0.23558098295729482,0.22506655860447408,0.2059154138741669,0.2554316979316979,0.23489574159449855,0.018264807943081534,47
1.9540940284729005,0.04976224181667073,0.37207770347595215,0.011377471270903387,0.3,0.95,3,"(1, 2)","{'clf__alpha': 0.3, 'tfidf__max_df': 0.95, 'tfidf__min_df': 3, 'tfidf__ngram_range': (1, 2)}",0.25114723320502935,0.23336190474659788,0.22374296700644822,0.19665888003233534,0.2503946232394509,0.2310611216459723,0.02009775798279545,48
0.7322750091552734,0.009697279426130922,0.181510591506958,0.010004163494064173,0.5,0.9,3,"(1, 1)","{'clf__alpha': 0.5, 'tfidf__max_df': 0.9, 'tfidf__min_df': 3, 'tfidf__ngram_range': (1, 1)}",0.2452081119643709,0.23092444806353088,0.22505948632045372,0.19571324521103442,0.25487105329218024,0.23035526897031403,0.02024880102512529,49
1.920345163345337,0.029893471068302344,0.368642520904541,0.010078509149821325,0.5,0.9,5,"(1, 2)","{'clf__alpha': 0.5, 'tfidf__max_df': 0.9, 'tfidf__min_df': 5, 'tfidf__ngram_range': (1, 2)}",0.24683068790522322,0.23773868907111795,0.2268388313185308,0.2009345361247535,0.2328203120695577,0.22903261129783664,0.015499861272171142,50
0.7429886341094971,0.023135364928845638,0.1818394660949707,0.00895825614211037,0.5,0.95,3,"(1, 1)","{'clf__alpha': 0.5, 'tfidf__max_df': 0.95, 'tfidf__min_df': 3, 'tfidf__ngram_range': (1, 1)}",0.24198093708771573,0.22934994227215766,0.22546665320956946,0.19378089849559774,0.25348570429112155,0.22881282707123246,0.020104086070716287,51
1.988140630722046,0.04475127328551214,0.3829019546508789,0.011683633745834213,0.5,0.95,5,"(1, 2)","{'clf__alpha': 0.5, 'tfidf__max_df': 0.95, 'tfidf__min_df': 5, 'tfidf__ngram_range': (1, 2)}",0.24625319055857228,0.23415320068494358,0.22500867031920813,0.19970924009809501,0.2335503828274542,0.22773493689765462,0.015561564513976976,52
4.462505435943603,0.1538435114252455,0.585148811340332,0.18554167410550929,0.3,0.9,2,"(1, 2)","{'clf__alpha': 0.3, 'tfidf__max_df': 0.9, 'tfidf__min_df': 2, 'tfidf__ngram_range': (1, 2)}",0.23593624771419508,0.21435044047947271,0.2195124151188653,0.18350855493712637,0.22391167151586655,0.2154438659531052,0.017488591724657967,53
0.7480607986450195,0.02966579973509757,0.18486709594726564,0.0019562534984497214,0.5,0.9,2,"(1, 1)","{'clf__alpha': 0.5, 'tfidf__max_df': 0.9, 'tfidf__min_df': 2, 'tfidf__ngram_range': (1, 1)}",0.24076712687246812,0.2252351344758681,0.21524509268197908,0.1777147990630535,0.21502750130958614,0.21479793088059101,0.02077857396940003,54
2.291784429550171,0.12163415461068977,0.38242225646972655,0.016020945388239966,0.3,0.95,2,"(1, 2)","{'clf__alpha': 0.3, 'tfidf__max_df': 0.95, 'tfidf__min_df': 2, 'tfidf__ngram_range': (1, 2)}",0.22844937930624853,0.2160966450116214,0.21764504637513385,0.18402938735799923,0.21940805912833058,0.21312570343586673,0.015166605414393668,55
0.7633186340332031,0.019033846056369423,0.1832862377166748,0.012473950421474159,0.5,0.95,2,"(1, 1)","{'clf__alpha': 0.5, 'tfidf__max_df': 0.95, 'tfidf__min_df': 2, 'tfidf__ngram_range': (1, 1)}",0.23392448514176492,0.2178521896495499,0.2167828155225188,0.17628495842781558,0.2156491076690498,0.2120987112821398,0.019113544718054196,56
1.999889326095581,0.050987075491559335,0.3817906856536865,0.013593927241626958,0.5,0.9,3,"(1, 2)","{'clf__alpha': 0.5, 'tfidf__max_df': 0.9, 'tfidf__min_df': 3, 'tfidf__ngram_range': (1, 2)}",0.23237407339260274,0.2165065723910317,0.21077210460772103,0.176661918328585,0.21809528564949301,0.21088199087388668,0.018528910328194162,57
2.06359748840332,0.07183433495885506,0.40774712562561033,0.03391940903493876,0.5,0.95,3,"(1, 2)","{'clf__alpha': 0.5, 'tfidf__max_df': 0.95, 'tfidf__min_df': 3, 'tfidf__ngram_range': (1, 2)}",0.2251985828189198,0.21223300521705338,0.2101693291600777,0.17506042978192152,0.2027399708219392,0.2050802635599823,0.016664179918985188,58
0.7826286792755127,0.01298460100921085,0.19389190673828124,0.013827432498594984,1.0,0.9,5,"(1, 1)","{'clf__alpha': 1.0, 'tfidf__max_df': 0.9, 'tfidf__min_df': 5, 'tfidf__ngram_range': (1, 1)}",0.2246621801251251,0.20704831166824303,0.20830259957550215,0.1674637829026463,0.2008824353132356,0.20167186191695047,0.0188268079575342,59
0.7883373737335205,0.029861925927883594,0.19320716857910156,0.013104083009576134,1.0,0.95,5,"(1, 1)","{'clf__alpha': 1.0, 'tfidf__max_df': 0.95, 'tfidf__min_df': 5, 'tfidf__ngram_range': (1, 1)}",0.22470983409785852,0.20233134013652646,0.20583095841939672,0.16547594413826014,0.20501968167116202,0.20067355169264078,0.019312433310567794,60
0.8103523254394531,0.018968969137848183,0.1811147689819336,0.011688326112647768,1.0,0.9,3,"(1, 1)","{'clf__alpha': 1.0, 'tfidf__max_df': 0.9, 'tfidf__min_df': 3, 'tfidf__ngram_range': (1, 1)}",0.21853456299757637,0.1974240474240474,0.19210977050553205,0.1568060202166108,0.1885343799536565,0.19068175621948463,0.019876887459908992,61
2.1220490455627443,0.05665800864264279,0.3960884094238281,0.00986547925025565,0.5,0.9,2,"(1, 2)","{'clf__alpha': 0.5, 'tfidf__max_df': 0.9, 'tfidf__min_df': 2, 'tfidf__ngram_range': (1, 2)}",0.2078545013723121,0.19545836269673478,0.19469349042640569,0.16493715581251697,0.1839753813438024,0.1893837783303544,0.014374625824373405,62
1.997403860092163,0.05045233871822699,0.3847689151763916,0.01043975368571084,1.0,0.9,5,"(1, 2)","{'clf__alpha': 1.0, 'tfidf__max_df': 0.9, 'tfidf__min_df': 5, 'tfidf__ngram_range': (1, 2)}",0.21455198582801152,0.1891735937990701,0.1850285765909696,0.16608115468409587,0.18653962036580243,0.1882749862535899,0.015475173875288564,63
1.9974765300750732,0.04301429020808409,0.3930975914001465,0.019397489575473516,1.0,0.95,5,"(1, 2)","{'clf__alpha': 1.0, 'tfidf__max_df': 0.95, 'tfidf__min_df': 5, 'tfidf__ngram_range': (1, 2)}",0.20632092311615455,0.18952410023838595,0.18773952268654495,0.16452569169960476,0.18467622977056938,0.18655729350225192,0.01333964424055117,64
0.7776463508605957,0.027275106011312913,0.18927268981933593,0.007272179078148252,1.0,0.95,3,"(1, 1)","{'clf__alpha': 1.0, 'tfidf__max_df': 0.95, 'tfidf__min_df': 3, 'tfidf__ngram_range': (1, 1)}",0.20788984812774802,0.19358074875316256,0.19227597799026372,0.15832546779731416,0.17607077298406668,0.18562856313051104,0.016969387481462497,65
2.1358150005340577,0.03692113549697909,0.40590314865112304,0.02034044011069487,0.5,0.95,2,"(1, 2)","{'clf__alpha': 0.5, 'tfidf__max_df': 0.95, 'tfidf__min_df': 2, 'tfidf__ngram_range': (1, 2)}",0.1951327629003582,0.19117869067917023,0.17296351357729123,0.16164743578031127,0.1726933667523857,0.17872315393790333,0.012534174109190221,66
0.7845804214477539,0.028598287004539816,0.18826842308044434,0.004389671469865249,1.0,0.9,2,"(1, 1)","{'clf__alpha': 1.0, 'tfidf__max_df': 0.9, 'tfidf__min_df': 2, 'tfidf__ngram_range': (1, 1)}",0.19510126461850938,0.17631535688284242,0.17730190566796455,0.14291678507151653,0.15093029681740264,0.1685131218116471,0.01902301301576459,67
0.7805293560028076,0.02889828151578983,0.18860888481140137,0.01155507869876165,1.0,0.95,2,"(1, 1)","{'clf__alpha': 1.0, 'tfidf__max_df': 0.95, 'tfidf__min_df': 2, 'tfidf__ngram_range': (1, 1)}",0.17834164156412244,0.15374067544646955,0.15296894805880687,0.13077527626156057,0.1389310131245615,0.1509515108911042,0.01620889607782962,68
2.041935682296753,0.016912898059688878,0.39450902938842775,0.02876615898611548,1.0,0.9,3,"(1, 2)","{'clf__alpha': 1.0, 'tfidf__max_df': 0.9, 'tfidf__min_df': 3, 'tfidf__ngram_range': (1, 2)}",0.1672946291754341,0.15556315549475605,0.13410626027309247,0.13287931758081015,0.13759483301079226,0.14548763910697698,0.013622501901381843,69
0.7654941558837891,0.026042147922558764,0.17517366409301757,0.00837244848129764,2.0,0.9,5,"(1, 1)","{'clf__alpha': 2.0, 'tfidf__max_df': 0.9, 'tfidf__min_df': 5, 'tfidf__ngram_range': (1, 1)}",0.17757755613827578,0.14039844474627083,0.14392009851140067,0.12171786828799025,0.13051286580698346,0.1428253666981842,0.019036424171128986,70
2.1192275524139403,0.04254798904630847,0.3944544792175293,0.01163327835384717,1.0,0.95,3,"(1, 2)","{'clf__alpha': 1.0, 'tfidf__max_df': 0.95, 'tfidf__min_df': 3, 'tfidf__ngram_range': (1, 2)}",0.16613537632457617,0.14238984818680242,0.1232893157262905,0.130528813135648,0.12243292999129944,0.1369552566729233,0.016247887607624273,71
0.8269873142242432,0.04634347312736748,0.1905215263366699,0.00614287926598461,2.0,0.95,5,"(1, 1)","{'clf__alpha': 2.0, 'tfidf__max_df': 0.95, 'tfidf__min_df': 5, 'tfidf__ngram_range': (1, 1)}",0.1492628081042715,0.1252228709760039,0.12275705364112859,0.10777033791101283,0.11166147438328518,0.12333490900314041,0.014523630525008182,72
2.366683292388916,0.1565488294559271,0.4201523303985596,0.036478197274347646,2.0,0.9,5,"(1, 2)","{'clf__alpha': 2.0, 'tfidf__max_df': 0.9, 'tfidf__min_df': 5, 'tfidf__ngram_range': (1, 2)}",0.1288433754068429,0.11465180238827954,0.10990124985835031,0.09281708362521181,0.09804842206971776,0.10885238666968047,0.012714004578890393,73
0.8008643627166748,0.018336882412734457,0.1955410957336426,0.011936281439074227,2.0,0.9,3,"(1, 1)","{'clf__alpha': 2.0, 'tfidf__max_df': 0.9, 'tfidf__min_df': 3, 'tfidf__ngram_range': (1, 1)}",0.12711923665391062,0.10009786042394737,0.09878133426768602,0.09799152074067248,0.09448904179408768,0.10369579877606083,0.011857973906509476,74
2.1720936775207518,0.0511131495689714,0.4041470527648926,0.018655857450400198,1.0,0.9,2,"(1, 2)","{'clf__alpha': 1.0, 'tfidf__max_df': 0.9, 'tfidf__min_df': 2, 'tfidf__ngram_range': (1, 2)}",0.11252682028042021,0.11898040239054064,0.10052169686316027,0.08985143768742858,0.09638979778128953,0.10365403100056785,0.010646278534477594,75
2.033042049407959,0.05177722813039426,0.3048223972320557,0.03483305655822815,2.0,0.95,5,"(1, 2)","{'clf__alpha': 2.0, 'tfidf__max_df': 0.95, 'tfidf__min_df': 5, 'tfidf__ngram_range': (1, 2)}",0.11845793144013013,0.10150309415015298,0.09484986007994596,0.08819913119383223,0.09870635177231134,0.10034327372727452,0.01009775531815961,76
2.187690591812134,0.04342121406797296,0.403962230682373,0.010542875371005749,1.0,0.95,2,"(1, 2)","{'clf__alpha': 1.0, 'tfidf__max_df': 0.95, 'tfidf__min_df': 2, 'tfidf__ngram_range': (1, 2)}",0.09473401973401974,0.1078882059122276,0.08411319245616077,0.08837876337876338,0.08302295802295802,0.0916274279008259,0.00911173168753401,77
1.0030854225158692,0.04861852394255673,0.26785597801208494,0.01467724806138874,2.0,0.95,3,"(1, 1)","{'clf__alpha': 2.0, 'tfidf__max_df': 0.95, 'tfidf__min_df': 3, 'tfidf__ngram_range': (1, 1)}",0.10496717883020862,0.08035048471290081,0.09065407772304324,0.08792281228063901,0.0863844842954377,0.09005580756844588,0.008184479156148042,78
0.7862247467041016,0.017601344639008747,0.1946493148803711,0.009700130197866318,2.0,0.9,2,"(1, 1)","{'clf__alpha': 2.0, 'tfidf__max_df': 0.9, 'tfidf__min_df': 2, 'tfidf__ngram_range': (1, 1)}",0.10116852654568172,0.07039489820946775,0.08090382048715382,0.08095238095238096,0.07425985375423577,0.081535895989784,0.01061360272422859,79
1.0081946849822998,0.10417594782483922,0.1916497230529785,0.011753796173033257,2.0,0.95,2,"(1, 1)","{'clf__alpha': 2.0, 'tfidf__max_df': 0.95, 'tfidf__min_df': 2, 'tfidf__ngram_range': (1, 1)}",0.08483804761337803,0.06635423400129283,0.06644130363844021,0.08208460375300562,0.068460013459195,0.07363564049306234,0.008104855136608266,80
2.072890567779541,0.03969673895200346,0.43214893341064453,0.045559557136382905,2.0,0.9,3,"(1, 2)","{'clf__alpha': 2.0, 'tfidf__max_df': 0.9, 'tfidf__min_df': 3, 'tfidf__ngram_range': (1, 2)}",0.0713043713043713,0.08647801826267902,0.06623910183512834,0.07766286325888976,0.06478784763862715,0.07329444045993912,0.007987366790295457,81
2.3426819801330567,0.15091568979238426,0.407720947265625,0.01681974211877567,2.0,0.95,3,"(1, 2)","{'clf__alpha': 2.0, 'tfidf__max_df': 0.95, 'tfidf__min_df': 3, 'tfidf__ngram_range': (1, 2)}",0.07166459222380275,0.07759097369963742,0.06644130363844021,0.07766286325888976,0.06500974658869396,0.07167389588189282,0.005341732567066905,82
2.1780518531799316,0.03960358903907814,0.4100710391998291,0.022449613133004274,2.0,0.9,2,"(1, 2)","{'clf__alpha': 2.0, 'tfidf__max_df': 0.9, 'tfidf__min_df': 2, 'tfidf__ngram_range': (1, 2)}",0.06195094525265304,0.05675381263616558,0.056693269085981025,0.05650169820475497,0.06181031034563892,0.058742007105038706,0.002564410165982535,83
2.7602067947387696,0.15631081881874667,0.5307682037353516,0.021993931331445192,2.0,0.95,2,"(1, 2)","{'clf__alpha': 2.0, 'tfidf__max_df': 0.95, 'tfidf__min_df': 2, 'tfidf__ngram_range': (1, 2)}",0.056642512077294684,0.05675381263616558,0.056693269085981025,0.05650169820475497,0.06181031034563892,0.05768032046996704,0.0020666736693455605,84
